Sample_ID,Sampling_date,Replicate,Sample_name,Sample_season,Sample_type,C.per,N.per,P.per,CNper,CPper,Npper,C.uM,N.uM,P.uM,CNmolar,CPmolar,NPmolar,C13,C13norm,N15,Comments
Cala_a_r1,15/10/2019,1,Calanoid,Autumn,Zooplankton,14.6,3.4,0.39,4.29,NA,NA,12.17,2.43,0.13,5.01,NA,NA,-28.23,NA,9.6,*normalise 13C values if C:N > 3.5 Post et al. (2007)
Cala_a_r2,15/10/2019,2,Calanoid,Autumn,Zooplankton,NA,NA,0.13,NA,NA,NA,NA,NA,0.04,NA,NA,NA,NA,NA,NA,*make sure ratio is with % w/w!
Cala_a_r3,15/10/2019,3,Calanoid,Autumn,Zooplankton,NA,NA,0.19,NA,NA,NA,NA,NA,0.06,NA,NA,NA,NA,NA,NA,*Only for zooplankton
Cala_a_m,15/10/2019,mean,Calanoid,Autumn,Zooplankton,14.6,3.4,0.24,4.29,4.29,14.37,12.17,2.43,0.08,5.01,159.37,31.81,-28.23,-27.28,9.6,
Cala_a_sd,15/10/2019,sd,Calanoid,Autumn,Zooplankton,NA,NA,0.14,NA,NA,NA,NA,NA,0.04,NA,NA,NA,NA,NA,NA,
Cyc_a_r1,15/10/2019,1,Cyclopoid,Autumn,Zooplankton,38.66,8.14,0.46,4.75,NA,NA,32.22,5.82,0.15,5.54,NA,NA,-27.64,NA,9.74,
Cyc_a_r2,15/10/2019,2,Cyclopoid,Autumn,Zooplankton,NA,NA,0.7,NA,NA,NA,NA,NA,0.23,NA,NA,NA,NA,NA,NA,
Cyc_a_r3,15/10/2019,3,Cyclopoid,Autumn,Zooplankton,NA,NA,0.44,NA,NA,NA,NA,NA,0.14,NA,NA,NA,NA,NA,NA,
Cyc_a_m,15/10/2019,mean,Cyclopoid,Autumn,Zooplankton,38.66,8.14,0.53,4.75,4.75,15.27,32.22,5.82,0.17,5.54,187.26,33.81,-27.64,-26.24,9.74,
Cyc_a_sd,15/10/2019,sd,Cyclopoid,Autumn,Zooplankton,NA,NA,0.14,NA,NA,NA,NA,NA,0.05,NA,NA,NA,NA,NA,NA,
Diap_a_r1,15/10/2019,1,Diaphanosoma,Autumn,Zooplankton,32.38,7.55,0.12,4.29,NA,NA,26.98,5.39,0.04,5,NA,NA,-27.64,NA,5.64,
Diap_a_r2,15/10/2019,2,Diaphanosoma,Autumn,Zooplankton,NA,NA,0.14,NA,NA,NA,NA,NA,0.05,NA,NA,NA,NA,NA,NA,
Diap_a_r3,15/10/2019,3,Diaphanosoma,Autumn,Zooplankton,NA,NA,0.42,NA,NA,NA,NA,NA,0.14,NA,NA,NA,NA,NA,NA,
Diap_a_m,15/10/2019,mean,Diaphanosoma,Autumn,Zooplankton,32.38,7.55,0.23,4.29,4.29,33.3,26.98,5.39,0.07,5,368.99,73.74,-27.64,-26.69,5.64,
Diap_a_sd,15/10/2019,sd,Diaphanosoma,Autumn,Zooplankton,NA,NA,0.17,NA,NA,NA,NA,NA,0.05,NA,NA,NA,NA,NA,NA,
Dap_a_r1,15/10/2019,1,Daphnia,Autumn,Zooplankton,28.75,6.5,0.88,4.43,NA,NA,23.96,4.64,0.28,5.16,NA,NA,-27.64,NA,5.73,
Dap_a_r2,15/10/2019,2,Daphnia,Autumn,Zooplankton,NA,NA,0.98,NA,NA,NA,NA,NA,0.32,NA,NA,NA,NA,NA,NA,
Dap_a_r3,15/10/2019,3,Daphnia,Autumn,Zooplankton,NA,NA,1.11,NA,NA,NA,NA,NA,0.36,NA,NA,NA,NA,NA,NA,
Dap_a_m,15/10/2019,mean,Daphnia,Autumn,Zooplankton,28.75,6.5,0.99,4.43,4.43,6.56,23.96,4.64,0.32,5.16,75.02,14.53,-27.64,-26.56,5.73,
Dap_a_sd,15/10/2019,sd,Daphnia,Autumn,Zooplankton,NA,NA,0.12,NA,NA,NA,NA,NA,0.04,NA,NA,NA,NA,NA,NA,
RIVERs_a_r1,15/10/2019,1,Seston,Autumn,River,40.24,2.3,0.2,17.49565217,NA,NA,33.53333333,1.642857143,0.064516129,20.4115942,NA,NA,-27.18,-27.18,2.2,
RIVERs_a_r2,15/10/2019,2,Seston,Autumn,River,38.92,2.26,0.19,17.22123894,NA,NA,32.43333333,1.614285714,0.061290323,20.09144543,NA,NA,-27.37,-27.37,2.72,
RIVERs_a_r3,15/10/2019,3,Seston,Autumn,River,43.51,1.98,0.16,21.97474747,NA,NA,36.25833333,1.414285714,0.051612903,25.63720539,NA,NA,-27.63,-27.63,1.99,
RIVERs_a_m,15/10/2019,mean,Seston,Autumn,River,40.89,2.18,0.183333333,18.89721286,223.0363636,11.89090909,34.075,1.557142857,0.059139785,22.04674834,576.1772727,26.32987013,-27.39333333,-27.39333333,2.303333333,
RIVERs_a_sd,15/10/2019,sd,Seston,Autumn,River,2.363027719,0.174355958,0.02081666,2.668752541,NA,NA,1.969189766,0.12453997,0.006715052,3.113544631,NA,NA,0.225905585,0.225905585,0.375810236,
LAKEs_a_r1,15/10/2019,1,Seston,Autumn,Lake,39.83,3.32,0.4,11.99698795,NA,NA,33.19166667,2.371428571,0.129032258,13.99648594,NA,NA,-28.17,-28.17,3.37,
LAKEs_a_r2,15/10/2019,2,Seston,Autumn,Lake,34.28,2.84,0.44,12.07042254,NA,NA,28.56666667,2.028571429,0.141935484,14.08215962,NA,NA,-28.18,-28.18,3.01,
LAKEs_a_r3,15/10/2019,3,Seston,Autumn,Lake,40.97,3.69,0.43,11.10298103,NA,NA,34.14166667,2.635714286,0.138709677,12.95347787,NA,NA,-28.07,-28.07,3.35,
LAKEs_a_m,15/10/2019,mean,Seston,Autumn,Lake,38.36,3.283333333,0.423333333,11.72346384,90.61417323,7.755905512,31.96666667,2.345238095,0.13655914,13.67737448,234.0866142,17.17379078,-28.14,-28.14,3.243333333,
LAKEs_a_sd,15/10/2019,sd,Seston,Autumn,Lake,3.579064123,0.426184624,0.02081666,0.538606857,NA,NA,2.982553436,0.304417588,0.006715052,0.628374667,NA,NA,0.060827625,0.060827625,0.202319879,
RIVERsed_a_r1,15/10/2019,1,Sediment,Autumn,River,0.74,0.04,0.02,18.5,NA,NA,0.616666667,0.028571429,0.006451613,21.58333333,NA,NA,-27.64,-27.64,2.29,
RIVERsed_a_r2,15/10/2019,2,Sediment,Autumn,River,0.71,0.04,0.01,17.75,NA,NA,0.591666667,0.028571429,0.003225806,20.70833333,NA,NA,-27.75,-27.75,2.71,
RIVERsed_a_r3,15/10/2019,3,Sediment,Autumn,River,0.78,0.03,0.02,26,NA,NA,0.65,0.021428571,0.006451613,30.33333333,NA,NA,-27.75,-27.75,2.51,
RIVERsed_a_m,15/10/2019,mean,Sediment,Autumn,River,0.743333333,0.036666667,0.016666667,20.75,44.6,2.2,0.619444444,0.026190476,0.005376344,24.20833333,115.2166667,4.871428571,-27.71333333,-27.71333333,2.503333333,
RIVERsed_a_sd,15/10/2019,sd,Sediment,Autumn,River,0.035118846,0.005773503,0.005773503,4.562071898,NA,NA,0.029265705,0.00412393,0.00186242,5.322417214,NA,NA,0.06350853,0.06350853,0.21007935,
LAKEsed_a_r1,15/10/2019,1,Sediment,Autumn,Lake,17.4,0.98,0.14,17.75510204,NA,NA,14.5,0.7,0.04516129,20.71428571,NA,NA,-28.64,-28.64,3.26,
LAKEsed_a_r2,15/10/2019,2,Sediment,Autumn,Lake,16.17,0.97,0.14,16.67010309,NA,NA,13.475,0.692857143,0.04516129,19.44845361,NA,NA,-28.61,-28.61,3.27,
LAKEsed_a_r3,15/10/2019,3,Sediment,Autumn,Lake,16.46,0.97,0.15,16.96907216,NA,NA,13.71666667,0.692857143,0.048387097,19.79725086,NA,NA,-28.61,-28.61,3.27,
LAKEsed_a_m,15/10/2019,mean,Sediment,Autumn,Lake,16.67666667,0.973333333,0.143333333,17.13142577,116.3488372,6.790697674,13.89722222,0.695238095,0.046236559,19.98666339,300.5678295,15.03654485,-28.62,-28.62,3.266666667,
LAKEsed_a_sd,15/10/2019,sd,Sediment,Autumn,Lake,0.642987817,0.005773503,0.005773503,0.560423677,NA,NA,0.535823181,0.00412393,0.00186242,0.653827624,NA,NA,0.017320508,0.017320508,0.005773503,
RIVERper_a_r1,15/10/2019,1,Periphyton,Autumn,River,5.5,0.5,0.46,11,NA,NA,4.583333333,0.357142857,0.148387097,12.83333333,NA,NA,-30.12,-30.12,3.37,
RIVERper_a_r2,15/10/2019,2,Periphyton,Autumn,River,5.5,0.5,0.43,11,NA,NA,4.583333333,0.357142857,0.138709677,12.83333333,NA,NA,-30.16,-30.16,3.42,
RIVERper_a_r3,15/10/2019,3,Periphyton,Autumn,River,5.4,0.5,0.49,10.8,NA,NA,4.5,0.357142857,0.158064516,12.6,NA,NA,-30.11,-30.11,3.34,
RIVERper_a_m,15/10/2019,mean,Periphyton,Autumn,River,5.466666667,0.5,0.46,10.93333333,11.88405797,1.086956522,4.555555556,0.357142857,0.148387097,12.75555556,30.70048309,2.406832298,-30.13,-30.13,3.376666667,
RIVERper_a_sd,15/10/2019,sd,Periphyton,Autumn,River,0.057735027,0,0.03,0.115470054,NA,NA,0.048112522,0,0.009677419,0.134715063,NA,NA,0.026457513,0.026457513,0.040414519,
LAKElitper_a_r1,15/10/2019,1,Periphyton,Autumn,Lake,9.3,0.9,0.34,10.33333333,NA,NA,7.75,0.642857143,0.109677419,12.05555556,NA,NA,-18.02,-18.02,2.15,
LAKElitper_a_r2,15/10/2019,2,Periphyton,Autumn,Lake,9.2,0.9,0.33,10.22222222,NA,NA,7.666666667,0.642857143,0.106451613,11.92592593,NA,NA,-17.96,-17.96,2.15,
LAKElitper_a_r3,15/10/2019,3,Periphyton,Autumn,Lake,9.1,0.9,0.36,10.11111111,NA,NA,7.583333333,0.642857143,0.116129032,11.7962963,NA,NA,-17.97,-17.97,2.16,
LAKElitper_a_m,15/10/2019,mean,Periphyton,Autumn,Lake,9.2,0.9,0.343333333,10.22222222,26.7961165,2.621359223,7.666666667,0.642857143,0.110752688,11.92592593,69.22330097,5.80443828,-17.98333333,-17.98333333,2.153333333,
LAKElitper_a_sd,15/10/2019,sd,Periphyton,Autumn,Lake,0.1,0,0.015275252,0.111111111,NA,NA,0.083333333,0,0.004927501,0.12962963,NA,NA,0.032145503,0.032145503,0.005773503,
RIVERleaves_a_r1,15/10/2019,1,Leaves,Autumn,Terrestrial,44.2,2.2,0.17,20.09090909,NA,NA,36.83333333,1.571428571,0.05483871,23.43939394,NA,NA,-29.86,-29.86,4.48,
RIVERleaves_a_r2,15/10/2019,2,Leaves,Autumn,Terrestrial,44.2,2.2,0.16,20.09090909,NA,NA,36.83333333,1.571428571,0.051612903,23.43939394,NA,NA,-29.85,-29.85,4.42,
RIVERleaves_a_r3,15/10/2019,3,Leaves,Autumn,Terrestrial,43.4,2.2,0.16,19.72727273,NA,NA,36.16666667,1.571428571,0.051612903,23.01515152,NA,NA,-29.77,-29.77,4.47,
RIVERleaves_a_m,15/10/2019,mean,Leaves,Autumn,Terrestrial,43.93333333,2.2,0.163333333,19.96969697,268.9795918,13.46938776,36.61111111,1.571428571,0.052688172,23.2979798,694.8639456,29.82507289,-29.82666667,-29.82666667,4.456666667,
RIVERleaves_a_sd,15/10/2019,sd,Leaves,Autumn,Terrestrial,0.461880215,0,0.005773503,0.209945552,NA,NA,0.384900179,0,0.00186242,0.244936478,NA,NA,0.049328829,0.049328829,0.032145503,
Coniferneedles_a_r1,15/10/2019,1,Leaves,Autumn,Terrestrial,48.7,1.2,0.13,40.58333333,NA,NA,40.58333333,0.857142857,0.041935484,47.34722222,NA,NA,-28.94,-28.94,-4.86,
Coniferneedles_a_r2,15/10/2019,2,Leaves,Autumn,Terrestrial,48.6,1.1,0.09,44.18181818,NA,NA,40.5,0.785714286,0.029032258,51.54545455,NA,NA,-28.92,-28.92,-4.8,
Coniferneedles_a_r3,15/10/2019,3,Leaves,Autumn,Terrestrial,49.4,1.2,0.11,41.16666667,NA,NA,41.16666667,0.857142857,0.035483871,48.02777778,NA,NA,-28.84,-28.84,-4.85,
Coniferneedles_a_m,15/10/2019,mean,Leaves,Autumn,Terrestrial,48.9,1.166666667,0.11,41.97727273,444.5454545,10.60606061,40.75,0.833333333,0.035483871,48.97348485,1148.409091,23.48484848,-28.9,-28.9,-4.836666667,
Coniferneedles_a_sd,15/10/2019,sd,Leaves,Autumn,Terrestrial,0.435889894,0.057735027,0.02,1.931342782,NA,NA,0.363241579,0.041239305,0.006451613,2.253233245,NA,NA,0.052915026,0.052915026,0.032145503,
Moss_a_r1,15/10/2019,1,Leaves,Autumn,Terrestrial,45,0.7,0.08,64.28571429,NA,NA,37.5,0.5,0.025806452,75,NA,NA,-28.76,-28.76,-1.56,
Moss_a_r2,15/10/2019,2,Leaves,Autumn,Terrestrial,44.7,0.7,0.09,63.85714286,NA,NA,37.25,0.5,0.029032258,74.5,NA,NA,-28.79,-28.79,-1.61,
Moss_a_r3,15/10/2019,3,Leaves,Autumn,Terrestrial,43.4,0.7,0.05,62,NA,NA,36.16666667,0.5,0.016129032,72.33333333,NA,NA,-28.77,-28.77,-1.58,
Moss_a_m,15/10/2019,mean,Leaves,Autumn,Terrestrial,44.36666667,0.7,0.073333333,63.38095238,605,9.545454545,36.97222222,0.5,0.023655914,73.94444444,1562.916667,21.13636364,-28.77333333,-28.77333333,-1.583333333,
Moss_a_sd,15/10/2019,sd,Leaves,Autumn,Terrestrial,0.850490055,1.36E-16,0.02081666,1.214985793,NA,NA,0.708741712,0,0.006715052,1.417483425,NA,NA,0.015275252,0.015275252,0.025166115,
Cala_w_r1,03/02/2020,1,Calanoid,Winter,Zooplankton,28.6,5.3,0.4,5.39,NA,NA,23.87,3.8,0.13,6.29,NA,NA,-27.72,-25.68,13.04,
Cala_w_r2,03/02/2020,2,Calanoid,Winter,Zooplankton,34,6.2,0.42,5.48,NA,NA,NA,NA,0.14,NA,NA,NA,-28.01,-25.88,13,
Cala_w_r3,03/02/2020,3,Calanoid,Winter,Zooplankton,NA,NA,0.37,NA,NA,NA,NA,NA,0.12,NA,NA,NA,NA,NA,NA,
Cala_w_m,03/02/2020,mean,Calanoid,Winter,Zooplankton,31.31,5.76,0.4,5.43,78.93,14.52,23.87,3.8,0.13,6.29,186.57,29.68,-27.86,-25.78,13.02,
Cala_w_sd,03/02/2020,sd,Calanoid,Winter,Zooplankton,3.76,0.62,0.03,0.06,NA,NA,NA,NA,0.01,NA,NA,NA,0.2,0.14,0.03,
Cyc_w_r1,03/02/2020,1,Cyclopoid,Winter,Zooplankton,NA,NA,0.55,NA,NA,NA,NA,NA,0.18,NA,NA,NA,NA,NA,NA,
Cyc_w_r2,03/02/2020,2,Cyclopoid,Winter,Zooplankton,NA,NA,0.32,NA,NA,NA,NA,NA,0.1,NA,NA,NA,NA,NA,NA,
Cyc_w_r3,03/02/2020,3,Cyclopoid,Winter,Zooplankton,NA,NA,0.43,NA,NA,NA,NA,NA,0.14,NA,NA,NA,NA,NA,NA,
Cyc_w_m,03/02/2020,mean,Cyclopoid,Winter,Zooplankton,NA,NA,0.43,NA,NA,NA,NA,NA,0.14,NA,NA,NA,NA,NA,NA,
Cyc_w_sd,03/02/2020,sd,Cyclopoid,Winter,Zooplankton,NA,NA,0.12,NA,NA,NA,NA,NA,0.04,NA,NA,NA,NA,NA,NA,
Dap_w_r1,03/02/2020,1,Daphnia,Winter,Zooplankton,35.8,8.2,0.89,4.36,NA,NA,29.83,5.87,0.29,5.09,NA,NA,-27.37,-26.35,8.89,
Dap_w_r2,03/02/2020,2,Daphnia,Winter,Zooplankton,37.5,8.6,0.71,4.35,NA,NA,NA,NA,0.23,NA,NA,NA,-27.28,-26.27,8.89,
Dap_w_r3,03/02/2020,3,Daphnia,Winter,Zooplankton,NA,NA,0.87,NA,NA,NA,NA,NA,0.28,NA,NA,NA,NA,NA,NA,
Dap_w_m,03/02/2020,mean,Daphnia,Winter,Zooplankton,36.66,8.42,0.82,4.36,44.53,10.22,29.83,5.87,0.27,5.09,112.31,22.08,-27.33,-26.31,8.89,
Dap_w_sd,03/02/2020,sd,Daphnia,Winter,Zooplankton,1.23,0.29,0.1,0,NA,NA,NA,NA,0.03,NA,NA,NA,0.06,0.06,0,
Bos_w_r1,03/02/2020,1,Bosmina,Winter,Zooplankton,NA,NA,0.19,NA,NA,NA,NA,NA,0.06,NA,NA,NA,NA,NA,NA,
Bos_w_r2,03/02/2020,2,Bosmina,Winter,Zooplankton,NA,NA,0.28,NA,NA,NA,NA,NA,0.09,NA,NA,NA,NA,NA,NA,
Bos_w_r3,03/02/2020,3,Bosmina,Winter,Zooplankton,NA,NA,NA,NA,NA,NA,NA,NA,NA,NA,NA,NA,NA,NA,NA,
Bos_w_m,03/02/2020,mean,Bosmina,Winter,Zooplankton,NA,NA,0.24,NA,NA,NA,NA,NA,0.08,NA,NA,NA,NA,NA,NA,
Bos_w_sd,03/02/2020,sd,Bosmina,Winter,Zooplankton,NA,NA,0.06,NA,NA,NA,NA,NA,0.02,NA,NA,NA,NA,NA,NA,
Cerio_w_r1,03/02/2020,1,Ceriodaphnia,Winter,Zooplankton,NA,NA,0.93,NA,NA,NA,NA,NA,0.3,NA,NA,NA,NA,NA,NA,
Cerio_w_r2,03/02/2020,2,Ceriodaphnia,Winter,Zooplankton,NA,NA,0.74,NA,NA,NA,NA,NA,0.24,NA,NA,NA,NA,NA,NA,
Cerio_w_r3,03/02/2020,3,Ceriodaphnia,Winter,Zooplankton,NA,NA,0.55,NA,NA,NA,NA,NA,0.18,NA,NA,NA,NA,NA,NA,
Cerio_w_m,03/02/2020,mean,Ceriodaphnia,Winter,Zooplankton,NA,NA,0.74,NA,NA,NA,NA,NA,0.24,NA,NA,NA,NA,NA,NA,
Cerio_w_sd,03/02/2020,sd,Ceriodaphnia,Winter,Zooplankton,NA,NA,0.19,NA,NA,NA,NA,NA,0.06,NA,NA,NA,NA,NA,NA,
RIVERs_w_r1,03/02/2020,1,Seston,Winter,River,39.12,2.74,0.42,14.2552431,NA,NA,32.59986565,1.960172955,0.135483871,16.63111695,NA,NA,-28.37,-28.37,3.16,
RIVERs_w_r2,03/02/2020,2,Seston,Winter,River,45.69,2.75,0.26,16.61450563,NA,NA,38.07802704,1.964446588,0.083870968,19.3835899,NA,NA,-28.19,-28.19,2.84,
RIVERs_w_r3,03/02/2020,3,Seston,Winter,River,35.45,2.37,0.3,14.9565284,NA,NA,29.54149251,1.692991757,0.096774194,17.44928313,NA,NA,-28.41,-28.41,2.71,
RIVERs_w_m,03/02/2020,mean,Seston,Winter,River,40.08775408,2.62155194,0.326666667,15.27542571,122.7176145,8.025158999,33.40646173,1.8725371,0.105376344,17.82132999,317.0205042,17.76999493,-28.32112517,-28.32112517,2.902440367,
RIVERs_w_sd,03/02/2020,sd,Seston,Winter,River,5.190059425,0.217707713,0.08326664,1.211528598,NA,NA,4.325049521,0.15550551,0.026860206,1.413450031,NA,NA,0.11878376,0.11878376,0.235468422,
LAKEs_w_r1,03/02/2020,1,Seston,Winter,Lake,40.55,3.13,0.42,12.9665657,NA,NA,33.79043415,2.23368546,0.135483871,15.12765998,NA,NA,-27.77,-27.77,3.63,
LAKEs_w_r2,03/02/2020,2,Seston,Winter,Lake,28.42,2.15,0.36,13.21779953,NA,NA,23.68103448,1.535658754,0.116129032,15.42076612,NA,NA,-28.31,-28.31,3.65,
LAKEs_w_r3,03/02/2020,3,Seston,Winter,Lake,30.8,2.28,0.31,13.50406073,NA,NA,25.66825416,1.629240356,0.1,15.75473752,NA,NA,-27.81,-27.81,3.64,
LAKEs_w_m,03/02/2020,mean,Seston,Winter,Lake,33.25588912,2.519339466,0.363333333,13.22947532,91.52997004,6.933961833,27.71324093,1.79952819,0.117204301,15.43438787,236.4524226,15.35377263,-27.96258867,-27.96258867,3.64049005,
LAKEs_w_sd,03/02/2020,sd,Seston,Winter,Lake,6.427170041,0.530448122,0.055075705,0.268937668,NA,NA,5.355975034,0.378891515,0.017766357,0.313760612,NA,NA,0.299055914,0.299055914,0.012641106,
RIVERper_w_r1,03/02/2020,1,Periphyton,Winter,River,2.1,0.3,0.07,7.090619748,NA,NA,1.71808819,0.207689465,0.022580645,8.272389705,NA,NA,-27.99,-27.99,3.5,
RIVERper_w_r2,03/02/2020,2,Periphyton,Winter,River,2.8,0.3,0.07,10.73505161,NA,NA,2.354788185,0.188018646,0.022580645,12.52422687,NA,NA,-28.07,-28.07,3.32,
RIVERper_w_r3,03/02/2020,3,Periphyton,Winter,River,2.6,0.3,0.07,9.076101516,NA,NA,2.181024644,0.205974965,0.022580645,10.5887851,NA,NA,-28.07,-28.07,3.42,
RIVERper_w_m,03/02/2020,mean,Periphyton,Winter,River,2.501560408,0.280785436,0.07,8.967257623,35.73657725,4.01122051,2.084633673,0.200561026,0.022580645,10.46180056,92.31949123,8.881988272,-28.0413,-28.0413,3.412751,
RIVERper_w_sd,03/02/2020,sd,Periphyton,Winter,River,0.394935178,0.015254112,0,1.824652333,NA,NA,0.329112648,0.010895794,0,2.128761055,NA,NA,0.044277647,0.044277647,0.090693257,
LAKElitper_w_r1,03/02/2020,1,Periphyton,Winter,Lake,7.6,1.1,0.18,7.186109147,NA,NA,6.343831507,0.756677884,0.058064516,8.383794005,NA,NA,-21.85,-21.85,4.01,
LAKElitper_w_r2,03/02/2020,2,Periphyton,Winter,Lake,12,1.3,0.18,9.351992081,NA,NA,10.01887872,0.918265356,0.058064516,10.91065743,NA,NA,-22.18,-22.18,4.1,
LAKElitper_w_r3,03/02/2020,3,Periphyton,Winter,Lake,8.6,1.1,0.13,7.952534011,NA,NA,7.155111616,0.771194792,0.041935484,9.277956346,NA,NA,-21.94,-21.94,4.19,
LAKElitper_w_m,03/02/2020,mean,Periphyton,Winter,Lake,9.407128739,1.141531082,0.163333333,8.16354508,57.59466575,6.988965805,7.839273949,0.815379344,0.052688172,9.524135927,148.7862199,15.47556714,-21.99096667,-21.99096667,4.099346433,
LAKElitper_w_sd,03/02/2020,sd,Periphyton,Winter,Lake,2.316824181,0.125155879,0.028867513,1.098251553,NA,NA,1.930686818,0.089397057,0.009312101,1.281293479,NA,NA,0.169565926,0.169565926,0.089492168,
LAKEpelper_w_r1,03/02/2020,1,Periphyton,Winter,Lake,28,3.6,0.2,7.890102551,NA,NA,23.37373216,2.539210034,0.064516129,9.205119642,NA,NA,-23.97,-23.97,7.75,
LAKEpelper_w_r2,03/02/2020,2,Periphyton,Winter,Lake,28.2,3.6,0.27,7.826623079,NA,NA,23.50408567,2.574080666,0.087096774,9.131060258,NA,NA,-23.99,-23.99,7.82,
LAKEpelper_w_r3,03/02/2020,3,Periphyton,Winter,Lake,28.1,3.5,0.26,7.98289185,NA,NA,23.4207618,2.514745166,0.083870968,9.313373825,NA,NA,-23.9,-23.9,7.91,
LAKEpelper_w_m,03/02/2020,mean,Periphyton,Winter,Lake,28.11943185,3.559750071,0.243333333,7.899872493,115.559309,14.62910988,23.43285988,2.542678622,0.078494624,9.216517908,298.5282149,32.39302902,-23.9543,-23.9543,7.825422967,
LAKEpelper_w_sd,03/02/2020,sd,Periphyton,Winter,Lake,0.079216196,0.041747209,0.037859389,0.078591164,NA,NA,0.066013496,0.029819435,0.012212706,0.091689691,NA,NA,0.046093058,0.046093058,0.078204558,
RIVERsed_w_r1,03/02/2020,1,Sediment,Winter,River,0.2,0,0.04,11.6695054,NA,NA,0.132627036,0.009741657,0.012903226,13.61442297,NA,NA,-27.61,-27.61,3.53,
RIVERsed_w_r2,03/02/2020,2,Sediment,Winter,River,0.2,0,0.01,8.260854781,NA,NA,0.133409275,0.013842491,0.003225806,9.637663911,NA,NA,-27.38,-27.38,4.44,
RIVERsed_w_r3,03/02/2020,3,Sediment,Winter,River,0.2,0,0.01,8.607894593,NA,NA,0.125213103,0.012468266,0.003225806,10.04254369,NA,NA,-27.7,-27.7,4.15,
RIVERsed_w_m,03/02/2020,mean,Sediment,Winter,River,0.156499766,0.01682446,0.02,9.512751592,7.824988276,0.841222978,0.130416471,0.012017471,0.006451613,11.09821019,20.21455305,1.862708024,-27.56246667,-27.56246667,4.042876867,
RIVERsed_w_sd,03/02/2020,sd,Sediment,Winter,River,0.005427829,0.002922153,0.017320508,1.875846317,NA,NA,0.004523191,0.002087252,0.005587261,2.18848737,NA,NA,0.167041023,0.167041023,0.464041233,
RIVERleaves_w_r1,03/02/2020,1,Leaves,Winter,Terrestrial,44.3,2.4,0.09,18.47012489,NA,NA,36.94585819,1.714545983,0.029032258,21.54847904,NA,NA,-30.88,-30.88,1.75,
RIVERleaves_w_r2,03/02/2020,2,Leaves,Winter,Terrestrial,44.2,1.6,0.09,27.78620286,NA,NA,36.826678,1.136021505,0.029032258,32.41723667,NA,NA,-30.91,-30.91,3.09,
RIVERleaves_w_r3,03/02/2020,3,Leaves,Winter,Terrestrial,44.6,1.6,0.09,28.26538925,NA,NA,37.19148476,1.127825102,0.029032258,32.97628745,NA,NA,-30.87,-30.87,3.16,
RIVERleaves_w_m,03/02/2020,mean,Leaves,Winter,Terrestrial,44.38560838,1.856583209,0.09,24.84057233,493.1734265,20.62870232,36.98800699,1.326130864,0.029032258,28.98066772,1274.031352,45.67784086,-30.88666667,-30.88666667,2.6629051,
RIVERleaves_w_sd,03/02/2020,sd,Leaves,Winter,Terrestrial,0.223223815,0.470963255,1.70E-17,5.522169441,NA,NA,0.186019846,0.336402325,0,6.442531015,NA,NA,0.019330373,0.019330373,0.795240546,
Coniferneedles_w_r1,03/02/2020,1,Leaves,Winter,Terrestrial,48.8,1.7,0.13,29.3782517,NA,NA,40.68014827,1.18688814,0.041935484,34.27462699,NA,NA,-30.21,-30.21,1.63,
Coniferneedles_w_r2,03/02/2020,2,Leaves,Winter,Terrestrial,48.7,1.6,0.13,29.57125421,NA,NA,40.54397673,1.175194661,0.041935484,34.49979658,NA,NA,-30.34,-30.34,1.58,
Coniferneedles_w_r3,03/02/2020,3,Leaves,Winter,Terrestrial,50.2,1.6,0.14,30.4356308,NA,NA,41.80026897,1.177199257,0.04516129,35.50823594,NA,NA,-30.28,-30.28,1.6,
Coniferneedles_w_m,03/02/2020,mean,Leaves,Winter,Terrestrial,49.20975759,1.65166496,0.133333333,29.79504557,369.0731819,12.3874872,41.00813133,1.179760686,0.043010753,34.7608865,953.4390533,27.42943595,-30.2778,-30.2778,1.602184667,
Coniferneedles_w_sd,03/02/2020,sd,Leaves,Winter,Terrestrial,0.82725811,0.008754765,0.005773503,0.563093751,NA,NA,0.689381759,0.006253403,0.00186242,0.65694271,NA,NA,0.065420257,0.065420257,0.029235695,
Moss_w_r1,03/02/2020,1,Leaves,Winter,Terrestrial,44.5,1.2,0.09,38.3387116,NA,NA,37.08861324,0.829194268,0.029032258,44.72849687,NA,NA,-29.62,-29.62,-1.22,
Moss_w_r2,03/02/2020,2,Leaves,Winter,Terrestrial,40.7,1.2,0.07,34.55744057,NA,NA,33.89403189,0.84068805,0.022580645,40.31701399,NA,NA,-29.59,-29.59,-1.24,
Moss_w_r3,03/02/2020,3,Leaves,Winter,Terrestrial,42.3,1.2,0.18,36.27999183,NA,NA,35.20949341,0.831851504,0.058064516,42.32665713,NA,NA,-29.62,-29.62,-1.28,
Moss_w_m,03/02/2020,mean,Leaves,Winter,Terrestrial,42.47685542,1.167475784,0.113333333,36.392048,374.7957831,10.30125692,35.39737951,0.833911274,0.03655914,42.45738933,968.2224396,22.80992603,-29.6117,-29.6117,-1.2455751,
Moss_w_sd,03/02/2020,sd,Leaves,Winter,Terrestrial,1.926668439,0.008424318,0.058594653,1.893124427,NA,NA,1.605557032,0.00601737,0.018901501,2.208645165,NA,NA,0.014895637,0.014895637,0.032380998,
Peat_w_r1,03/02/2020,1,Peat,Winter,Terrestrial,49.2,2.4,0.05,20.89085931,NA,NA,40.99960808,1.682196059,0.016129032,24.3726692,NA,NA,-27.52,-27.52,1.73,
Peat_w_r2,03/02/2020,2,Peat,Winter,Terrestrial,46.9,2.3,0.04,20.18902246,NA,NA,39.12017887,1.660881895,0.012903226,23.55385954,NA,NA,-27.5,-27.5,1.75,
Peat_w_r3,03/02/2020,3,Peat,Winter,Terrestrial,47.9,1.6,0.04,29.83338227,NA,NA,39.92681219,1.147137176,0.012903226,34.80561265,NA,NA,-27.5,-27.5,3.18,
Peat_w_m,03/02/2020,mean,Peat,Winter,Terrestrial,48,2.095433727,0.043333333,23.63775468,1108.122454,48.35616294,40.01553305,1.496738377,0.013978495,27.57738046,2862.649672,107.0743608,-27.5085,-27.5085,2.220184333,
Peat_w_sd,03/02/2020,sd,Peat,Winter,Terrestrial,1.131420614,0.424131434,0.005773503,5.377034001,NA,NA,0.942850511,0.302951024,0.00186242,6.273206335,NA,NA,0.013569083,0.013569083,0.829035326,
